Company Name,Addresses
"Acquia, Inc","600 Congress Ave Austin, TX 78701 | 53 State Street, 10th Floor Boston, MA 02109 | 1120 NW Couch St. Suite 550 Portland, OR 97209 | 1775 Tyson s Blvd McLean, VA 22102 | 451 El Camino Real Suite 235 Santa Clara, CA 95050 | 91 20 7127 9046 | 44 1865 520 010"
Acquire Media,"7900 International DriveSuite 800Bloomington, MN 55425 USA+1.651.639.0662info@navigaglobal.comFlorida6767 North Wickham RoadSuite 111Melbourne, FL 32940+1.321.254.5559Florida302 Knights Run AvenueSuite 940Tampa, FL 33602+1.813.221.1600Arizona14614 N. Kierland BlvdSuite 320Scottsdale, AZ 85254+1.602.674.5800Michigan173 Parkland PlazaSuite BAnn Arbor, MI 48103+ 1.734.887.4400MinnesotaNaviga Headquarters7900 International DriveSuite 800Bloomington, MN 55425+1.651.639.0662Minnesota1652 Greenview DriveSuite 220Rochester, MN 55902New Jersey3 Becker Farm RdSuite 401Roseland, NJ 07068+ 1.973.422.0800Texas5625 FM 1960 Road WestSuite 503Houston, TX 77069+1.281.537.6060Utah350 South 400 West Suite 100Lindon, UT 84042+1.801.853.5000Office LocationsEuropeDenmarkVisionsvej 519000 Aalborg, Denmark+45 96 31 42 00England4th Floor, 1   3 Mortimer StreetLondon W1T 3JA+44 (0) 207 4360070FinlandPieni Roobertinkatu 900130 Helsinki+358 400 899 637SwedenBerga Alle 1254 52 Helsingborg, Sweden+46 42 25 39 00SwedenS dra L nggatan 31392 | 7900 International DriveSuite 800Bloomington, MN 55425 USA+1.651.639.0662info@navigaglobal.comFlorida6767 North Wickham RoadSuite 111Melbourne, FL 32940+1.321.254.5559Florida302 Knights Run AvenueSuite 940Tampa, FL 33602+1.813.221.1600Arizona14614 N. Kierland BlvdSuite 320Scottsdale, AZ 85254+1.602.674.5800Michigan173 Parkland PlazaSuite BAnn Arbor, MI 48103+ 1.734.887.4400MinnesotaNaviga Headquarters7900 International DriveSuite 800Bloomington, MN 55425+1.651.639.0662Minnesota1652 Greenview DriveSuite 220Rochester, MN 55902New Jersey3 Becker Farm RdSuite 401Roseland, NJ 07068+ 1.973.422.0800Texas5625 FM 1960 Road WestSuite 503Houston, TX 77069+1.281.537.6060Utah350 South 400 West Suite 100Lindon, UT 84042 | 7900 International DriveSuite 800Bloomington, MN 55425  | 7900 International DriveSuite 800Bloomington, MN 55425 USA+1.651.639.0662info@navigaglobal.comFlorida6767 North Wickham RoadSuite 111Melbourne, FL 32940+1.321.254.5559Florida302 Knights Run AvenueSuite 940Tampa, FL 33602+1.813.221.1600Arizona14614 N. Kierland BlvdSuite 320Scottsdale, AZ 85254+1.602.674.5800Michigan173 Parkland PlazaSuite BAnn Arbor, MI 48103+ 1.734.887.4400MinnesotaNaviga Headquarters7900 International DriveSuite 800Bloomington, MN 55425+1.651.639.0662Minnesota1652 Greenview DriveSuite 220Rochester, MN 55902New Jersey3 Becker Farm RdSuite 401Roseland, NJ 07068+ 1.973.422.0800Texas5625 FM 1960 Road WestSuite 503Houston, TX 77069+1.281.537.6060Utah350 South 400 West Suite 100Lindon, UT 84042+1.801.853.5000Office LocationsEuropeDenmarkVisionsvej 519000 Aalborg, Denmark+45 96 31 42 00England4th Floor, 1   3 Mortimer StreetLondon W1T 3JA+44 (0) 207 4360070FinlandPieni Roobertinkatu 900130 Helsinki+358 400 899 637SwedenBerga Alle 1254 52 Helsingborg, Sweden+46 42 25 39 00SwedenS dra L nggatan 31392 32 KALMAR+46 480 36 20 00Office LocationsAsia PacificAustraliaSuite 5A49-51 Eton StreetSutherland NSW 2232+61 (0)2 9810 6939ExploreContentAudienceAdvertisingCommerceContent as a ServiceCustomer PortalAboutCompanyCareersNews & EventsBlogSupportContact UsEnglishPrivacy PolicyAnti-Slavery PolicyCopyright   2019 N"
Acrolinx GmbH,"1601 Trapelo Road, Suite 240  Waltham, MA 02451 | 1 866 749 3700                                                               | 49 30 288 848 330  | 81 (3) 5789 5973                                                              "
"Act-On Software, Inc.","121 SW Morrison St.Suite 1600Portland, OR 97204 | 44 1189 515680  | 1 (877) 530-1555  | 33 King s Rd, Reading RG1 3AR | 44 1189 515680"
Akamai Technologies,1 877 425 2832  | 1 617 444 4699  | 55 4302-6060  | 54 11 5277 3923  | 56 2 2665 9660  | 52 55 4123 5168  | 1 954 228 1900 
"Amazon.com, Inc.",1 million to a new Seattle Foundation fund for community members affected by COVID
"Apple, Inc.","One Apple Park Way      Cupertino, CA 95014"
"Aptara, Inc.","2901 Telestar Court, Suite 522 Falls Church, VA 22042 | 150 California Street, Suite 301 Newton, MA 02458 | 61 2 8251 0070 | 1009 Metric Boulevard Bldg. J Suite 150 Austin, TX  78758"
Aquafadas,"1025 rue Henri Becquerel, Parc Club Mill naire B timent 3, 34000 | 04 67 99 51 59 | 1025 rue Henri Becquerel, Parc Club Mill naire B timent 3, 34000 M | 92 rue R aumur   75002 P | 2006 - 2019"
"Aria Systems, Inc.","100 Pine Street, Suite 2450 San Francisco, CA 94111 | 600 Reed Road, Suite 302 Broomall, PA 19008 | 100 Pine Street, Suite 2450 San Francisco, CA 94111   Map Phone: +1 415-852-7250 Fax: +1 415-852-7251 Toll Free: 1-877-755-2370    600 Reed Road, Suite 302 Broomall, PA 19008 | 2450 San Francisco, CA 94111  | 100 Pine Street, Suite 2450 San Francisco, CA 94111   Map Phone: +1 415-852-7250 Fax: +1 415-852-7251 Toll Free: 1-877-755-2370  | 600 Reed Road, Suite 302 Broomall, PA 19008   Map Phone: +1 484-427-8200 Fax: +1 484-427-8201 Toll Free: 1-866-933-ARIA  | 100 Pine Street, Suite 2450 San Francisco, CA 94111   Map Phone: +1 415-852-7250 Fax: +1 415-852-7251 Toll Free: 1-877-755-2370    600 Reed Road, Suite 302 Broomall, PA 19008 "
Atex,"Wells United Kingdom Unit A, Underwood Business Park Wookey Hole Road Wells, BA5 1AF United Kingdom | 7 worldwide support optionsAtex Contact UsWant more info? Get in touchAbout UsA company with an history, read moreLeadershipA multi-national, multi-talented teamCareersLet's make publishing great again, togetherCustomersWho's using Atex products?Solutions Content ManagementMulti-Channel Content AuthoringEasy to use digital and print content creationDigital PublishingWeb Site and FrontEnd managementHeadless CMSAPI-first, cloud based, content managementPrint ProductionFrom daily tabloids to glossy magazinesAsset ManagementStore, search and use millions of recordsProduction AnalyticsControl and improveAdvertisingMultichannel BookingMake the most of your sales repsCRMPowerful customer managementAdv ProductionWeb based advertisment productionFinancialCredit control, invoicing and accountingInsightsThe help you need to improve revenuesArtificial Intelligence for PublishersText AnalyticsUnleash the hidden opportunities in your contentIntelligent Image TaggingAutomatic features and content detectionProducts DeskAll in one solution for digital and print productionACEAPI-First Content Management SystemInsightsData consolidation and analysisAdvertisingAd booking and ad productionResources NewsYou've heard it from usStoriesTales from the publishing worldWebinars/EventsLive streamings and live meetingsServices Instant-On SolutionsSAAS  | 46 8 506 782 00 | 44 (0) 208 626 4516 | 39 02 698 2 381 | 358 40 576 4184 | 55 (11) 3818 | 61 3 9016 4700 | 65 6320 8309"
"Atypon Systems, Inc.","5201 Great America Parkway Suite 215 Santa Clara, CA 95054 T +1 408 988 1240 F +1 408 988 1070United States111 River Street Hoboken, NJ 07030 T +1 212 364 2330101 Station Landing, Suite 300 Medford, MA 02155 T +1 617 932 1932EuropeLeoforos Ethnikis Antistaseos 39A Nea Ionia 142 34 Greece T +30 211 013 3003 T +30 211 700 6031Vasilissis Olgas 212 Building B, ground floor Thessaloniki, 55133 Greece T +30 231 124 2614 kr tova 490/12 Vinohrady 120 00 Prague 2 Czech Republic9600 Garsington Road Oxford, OX4 2DQ United Kingdom T +44 1865 476602Middle East141 Makkah Al Mukaramah Street Hamadani 1 Complex, 3rd Floor Amman 11181 | 5201 Great America Parkway Suite 215 Santa Clara, CA 95054 T +1 408 988 1240 F +1 408 988 1070United States111 River Street Hoboken, NJ 07030 T +1 212 364 2330101 Station Landing, Suite 300 Medford, MA 02155 | 5201 Great America Parkway Suite 215 Santa Clara, CA 95054 T +1 408 988 1240 F +1 408 988 1070United States111 River Street Hoboken, NJ 07030 T +1 212 364 2330101 Station Landing, Suite 300 Medford, MA 02155  | 5201 Great America Parkway Suite 215 Santa Clara, CA 95054 T +1 408 988 1240 F +1 408 988 1070United States111 River Street Hoboken, NJ 07030 T +1 212 364 2330101 Station Landing, Suite 300 Medford, MA 02155 T +1 617 932 1932EuropeLeoforos Ethnikis Antistaseos 39A Nea Ionia 142 34 Greece T +30 211 013 3003 T +30 211 700 6031Vasilissis Olgas 212 Building B, ground floor Thessaloniki, 55133 Greece T +30 231 124 2614 kr tova 490/12 Vinohrady 120 00 Prague 2 Czech Republic9600 Garsington Road Oxford, OX4 2DQ United Kingdom T +44 1865 476602Middle East141 Makkah Al Mukaramah Street Hamadani 1 Complex, 3rd Floor Amman 11181 Jordan T +962 6 551 9262Where do you want to go?Let us help you move your online publishing business in the right direction.  Contact Us     HomePlatformServicesTechnologiesCustomersSupportAbout UsCareersNews & EventsContact UsLocations    Atypon Systems, LLC "
"Automattic, Inc.","60 29th Street #343 San Francisco, CA 94110"
"Brightcove, Inc.","1 617 261 4830 faxTalk To UsNew York980 6th Avenue New York, NY 10018 | 1 617 500 4947 direct +1 617 261 4830 faxTalk To UsNew York980 6th Avenue New York, NY 10018 | 44 207 148 6450 telSeattle601 Union Street Suite 1601 Seattle, WA 98101 | 1 888 882 1880  | 1 617 500 4947  | 1 617 261 4830 faxTalk To UsNew York980 6 | 1 617 395 8352  | 44 207 148 6450 telSeattle601 U | 65 3163-5555  | 61 2 8310 4376 telSeoul17F, 83 U | 82 (0)2-6933-6747TokyoPMO T | 0014 Japan+81 3 6453 7730  | 81 3 6453 7731  | 91 22 66879308  | 44 207 148 6450 telSeattle601 Union Street Suite 1601 Seattle, WA 98101S"
"Ceros, Inc.",2019 Inc. 5000 L | 2018 Inc. 5000 L | 10 Best Workplaces 2016 | 25 Best Workplaces in NYC 
Clarabridge,"125 S Clark Street Chicago, IL 60603 | 600 California Street San Francisco, CA 94108 | 1400 Commerce Park Drive Suite 500 Reston, VA 20191 | 755 Baywood Drive 2nd Floor Petaluma, CA 94954 | 3 2020 N | 44 (0) 20 3142 8615  | 32 (0) 9 298 12 15 | 44 (0) 20 3142 8615"
"Cloudera, Inc.","5470 Great America Pkwy Santa Clara, CA 95054 | 0400 NE 4th St, Suite 07-109 Bellevue, WA 98004 | 33 Arch Street, 17th Floor Boston, MA 02110 | 314 Dean St, Brooklyn, NY 11217 | 1 Tara Blvd, Suite 200 Nashua, NH 03062 | 7700 Windrose Ave, Suite 03-200 Plano, TX 75024 | 8281 Greensboro Dr, Suite 450 Tysons, VA 22102 | 8115 Maple Lawn Blvd Fulton, MD 20759 | 108 and 03-110 Toronto, ON M5J 2P1 Canada | 3340 Peachtree Road, N.E. Suite 2330 | 515 Congress, Suite 1300 | 300 S. Wacker Dr, 17th Floor, Suite 1720 | 151 W 26th St, 10th Floor, Suite 1002 | 434 Fayetteville St, Suite 1610 | 36 1 701 1201 | 44 20 3826 1405 | 49 221 6507 8699 | 82 2 2008 4595 | 86 21 6236 9001  | 81 3 6228 7930 | 81 3 6228 7987 | 1 888 789 1488 | 1 650 362 0488 | 1 University Ave 04-123; 03-108 and 03-110 Toronto, ON M5J 2P1"
"Cloudwords, Inc.","201 California Street, Suite 1350San Francisco, CA 94111 | 201 California Street, Suite 1350San Francisco, CA 94111USA"
COGNITIVESCALE,"9500 Arboretum Blvd, L-1 AUSTIN, TX 78759"
Connotate,"1999 S. Bascom Avenue Campbell, CA 95008 | 44 1143 520318 | 1 (650) 935-4333  | 44 1143 520 318"
Crafter Software Corp.,"1800 Alexander Bell DriveSuite 400Reston, VA 20191 | 1800 Alexander Bell DriveSuite 400Reston, VA 20191USA"
DNN Corp.,"401 Congress Ave, Suite 2650  Austin, TX 78701 | 401 Congress Ave, Suite 2650 | 2020 by DNN C"
"EBSCO Industries, Inc.","10 Estes Street, Ipswich, MA 01938 | 2020 EBSCO I"
Ephox,"2100 Geng Road, Suite 220Palo Alto, CA 94303 | 1 888 797 8896A G | 2100 Geng Road, Suite 220Palo Alto, CA 94303United StatesBrisbane, Australia225 Montague Road, Level 4West End, QLD 4101AustraliaUme , SwedenRenmarkstorget 6 2TR903 26 UmeaSwedenTiny helps developers create great content creation applications. Sign up for our newsletter to stay in touch.SubscribeProducts TinyMCE Tiny Drive Plugins Case Studies Pricing Changelog Quick Start Guide Get TinyMCEDevelopers Documentation Integrations Labs Support Community Github Stack OverflowTiny About Us Blog The Team Careers ContactTiny on GithubTiny on StackOverflowTiny on TwitterTiny on LinkedIn  2020 T"
Episerver,"20 N. Upper Wacker Drive, Suite 530Chicago, IL 60606 | 1875 K Street NW, Suite 415Washington, DC 20006 | 460 Broome Street, 4th Floor, Suite 400New York, NY 10013 | 1 Fullerton Road #02-01 One Fullerton, Singapore 04921 | 1 603 594 0249Fax: +1 603 594 0258Contact local office Chicago Office 20 N. Upper Wacker Drive, Suite 530Chicago, IL 60606 | 1875 K Street NW, Suite 415Washington, DC 20006 USA New York Office 460 Broome Street, 4th Floor, Suite 400New York, NY 10013 | 1875 K Street NW, Suite 415Washington, DC 20006  | 1 603 594 0249Fax: +1 603 594 0258C | 20 N. Upper Wacker Drive, Suite 530Chicago, IL 60606 USA | 1875 K Street NW, Suite 415Washington, DC 20006 USA | 460 Broome Street, 4th Floor, Suite 400New York, NY 10013 USA | 46 8 55 58 27 00C | 2 HatfieldsLondon, SE1 9PGU | 44 (0)203 397 4940 | 31 (0)30 307 1327 | 49 30 76 80 78 0 | 45 3271 3629 | 358 40 710 8642 | 34 6398 73014 | 47 40 00 70 40 | 27 71 086 6355 | 1 Pacific Highway, North Sydney, NSW, 2060 | 61 2 9248 7222 | 1 Fullerton Road #02-01 One Fullerton, Singapore 049213 | 84 24 6293 3507 | 1 603 594 0249 | 46 8 55 58 27 00 | 1 603 594 0249Fax: +1 603 594 0258Contact local office Chicago Office 20 N. Upper Wacker Drive, Suite 530Chicago, IL 60606 U | 1875 K Street NW, Suite 415Washington, DC 20006 USA New York Office 460 Broome Street, 4th Floor, Suite 400New York, NY 10013 U"
"Evergage, Inc.","212 Elm Street, Suite 300 Somerville, MA 02144 | 1 (877) 476-0452  | 1 (888) 310-0589 "
Hippo B.V.,"82 Pioneer Way Mountain View, CA 94041"
"Hootsuite Media, Inc.","5 East 8th AvenueVancouver, BCV5T 1R6  | 111 East 5th AvenueVancouver, BCV5T 4L1  | 325 Front StreetToronto, ONM5V 2Y1  | 12 E 49th StNew YorkNY 10017  | 90 High HolbornHolbornLondon WC1V 6LJUK  | 33 Rue la Fayette75009 P | 29 H/IRoma, RM, Italy00185  | 24 Major Alexandru Campeanu St.Bucharest, Romania011237  | 175 Pitt St, 17th FloorSydney, NSW2000A | 5 East 8th AvenueVancouver, BCV5T 1R6 | 111 East 5th AvenueVancouver, BCV5T 4L1 | 325 Front StreetToronto, ONM5V 2Y1 | 5 East 8th AvenueVancouver, BCV5T 1R6                          Vancouver HQ2                     111 East 5th AvenueVancouver, BCV5T 4L1"
"Hortonworks, Inc.",1 888 789 1488 | 1 650 362 0488
Impelsys,"116 West 23rd Street, Suite 500, New York, NY 10011 | 1 212 239 4138, Fax: +1 917 591 9536 | 1 646 593 8618"
Influitive,137 Forest Avenue Palo Alto CA 94301
Kenshoo Ltd,"22 4th Street, 7th Floor  San Francisco, CA 94103 | 80 Pine Street, 27th Floor  New York, NY 10005 | 2537 - Bela Vista, S o Paulo - SP, 01311 | 111 W. Washington Street  Suite 1650  Chicago, IL 60602 | 1411 4th Ave   Office 08-126  Seattle, WA 98101 | 1 877 536 7462 | 1 877 536 7462 Ext 8146 | 1040 Miguel Hidalgo, CDMX | 52 (55) 8647 0455 // +52 (55) 8647 0456 | 55 (11) 5555 | 44 20 7079 2460 | 49 89 21547671 | 972 3 746 6500 | 972 73 2862450 | 852 37696 473 | 65 6956 9051 | 61 2 8316 8900"
Kentico Software,"15 Constitution Dr., Suite 2G Bedford, NH 03110"
"Krux Digital, Inc.","2020 Salesforce.com, inc. All rights reserved. Various trademarks held by their respective owners. Salesforce.com, inc. Salesforce Tower, 415 Mission Street, 3rd Floor, San Francisco, CA 94105 | CALL US   1"
LinkedIn,"2002 and was officially launched on May 5, 2003.  Today, LinkedIn leads a diversified business with revenues from membership subscriptions, advertising sales and recruitment solutions under the leadership of Ryan Roslansky. In December 2016"
Lionbridge,"1050 Winter Street, Suite 2300 Waltham, MA 02451 | 423 N Ancestor Place #180 Boise, ID 83704 | 1917 McKinley Avenue Columbus, IN 47201 | 3535 Factoria Boulevard SE Suite 300 Bellevue, WA 98006 | 259 West 30th Street 11th Floor New York, NY 10001 | 3100 De La Cruz Blvd Suite 101 Santa Clara, CA 95054 | 220 Montgomery Street Suite 605 San Francisco, CA 94104 | 225 West Washington Street, Suite 2200 Chicago IL 60606 | 19 RESOURCES | 1050 Winter Street, Suite 2300 | 225 West Washington Street, Suite 2200 | 86 10 8518 6161 | 86 10 8518 8181 | 86 531 8317 6555 | 86 531 8317 6111 | 86 21 3425 9566 | 852 2117 1852 | 91 9243606211  | 91 80 28415566 | 91 44 6678 5000 | 91 44 6678 5499 | 91 22 6756 7000 | 91 22 6693 9488 | 81 45 640 4250 | 81 45 640 4206 | 65 6508 0616 | 65 6508 0617 | 82 2 787 9500 | 82 2 787 9600 | 886 2 2727 3288 | 886 2 2727 7072 | 662 632 1530 | 45 70 14 29 44 | 358 9 4270 5600 | 14 Rue Moreau, 75012 P | 33 142 96 54 30 | 45 All e des Ormes   BP 1200 | 33 492 952 001 | 33 492 389 314 | 49 30 219 160 501 | 49 30 219 160 502 | 49 202 43047800 | 49 202 47868361 | 353 96 73700 | 353 96 73701 | 353 1 202 1200 | 31 20 708 3915 | 31 20 408 0000 | 183 Jutrzenki St. 02-231 W | 48 22 865 99 00 | 95  opusza ska St. 02-457 W | 421 41 72 4 24 88 | 421 41 72 4 75 30 | 34 91 7913443 | 34 902 052883 | 46 31 303 26 50 | 46 31 12 11 40 | 41 58 900 70 20 | 41 58 900 70 40 | 41 58 900 70 00 | 44 117 3729 784 | 44 2476 826500 | 44 2476 632925 | 44 1332 442254 | 44 (0) 203 117 2800"
"MadCap Software, Inc.","9191 Towne Centre Dr #150                          San Diego, CA 92122 | 1401 Century Oaks Terrace, Suite 250 Austin, Texas 78758 | 9191 Towne Centre Drive, Suite 150 S | 1 888-MADCAP | 61 1800 344 118 | 32 800 54 446 | 33 800 91 43 66 | 49 800 0009714 | 44 800 086 8294 | 91 8009190741 | 353 1800 816 355 | 31 800 0229151 | 64 800 001 121 | 00 PM to 6:00 PM | 00 AM to 9:00 PM | 00 AM to 2:00 AM | 1 888-MADCAP1"
MarkLogic Corp.,"875 North Michigan Ave, 31st Floor  Chicago, IL 60611 | 1800 Tysons Blvd, Suite 400  McLean, VA 22102 | 1 650 655 2300  | 1 877 992 8885  | 1 312 366 3113  | 1 212 613 6600  | 1 703 854 8500  | 49 (0)800 - 64 63 77 223  | 44 (0)203 880 5400  | 49 (0)89 - 71 04 22 151  | 33 1 53 53 67 84  | 31 (0)30 799 65 50  | 63 (0)2 755 7647  | 65 6808 5888  | 61 2 8315 1550  | 81 (0)3 4540 0337 "
NewsCred,"2500 c/o NewsCred Lafayette, CO 80026 | 386 Park Ave S. 6th Floor New York, NY 10016 | 400 W South Boulder Rd Suite 2500 c/o NewsCred Lafayette, CO 80026 | 989 4100   | 44 (0) 203 744 3577  | 44 (0) 203 744 3577 | 1697 / +88029821698"
The Nielsen Co.,"6th Floor, Block C, Godrej IT Park,Pirojshanagar, L.B.S. Road, Vikhroli (W),Mumbai, India 400079 | 2nd & 3rd Floor, Sree RamaDeevena No.21, Ulsoor Road,Bangalore, India 560042 | 7th floor, 404-405, ILAB INFO TECHNOLOGY CENTER, Near Country Inns and Suites, Udyog Vihar Phase III, Gurgaon, India 560042 | 802, Merlin Acropolis, 1858/1,  Rajdanga Main Road, East Kolkata TownshipBeside GeetanjaliStadium, Kasba,Kolkata, India 700107 | 91 22 66632500 | 91 080 67143600 | 0042 Phone   +91 0124 6629600 | 91 033 66071400 | 91 22 66632500   Bangalore2nd & 3rd Floor, Sree RamaDeevena No.21, Ulsoor Road,Bangalore, India 560042Phone   +91 080 67143600   Gurgaon7th floor, 404-405, ILAB INFO"
OneSpot,"401 Congress Avenue, Suite 2650Austin, TX 78701 | 2020 ONESPOT. ALL RIGHTS RESERVED"
OpenText Corp.,6544 International: +800-4996-5440 Australia: +61 2 9026 3400 Brazil: +55 11 2536 0000 France: +33 1 47 96 55 41 Germany: +49 89 4629-0 Japan: +81 3 4560 7704 UK: +44 118 984 8080 | 44 118 984 8000
"Pandora Media, Inc.","70 million users each month with its proprietary Music Genome Project  and Podcast Genome Project  technology - whether at home or on the go - through its mobile app, the web, and integrations with more than 2,000 connected products. As the largest streaming music provider in the U.S., with an industry-leading digital audio advertising platform, Pandora connects listeners with the audio entertainment they love. Pandora is a subsidiary of Sirius XM Holdings Inc. (NASDAQ: SIRI"
"ProQuest, LLC","789 E. Eisenhower ParkwayAnn Arbor, MI, 48108 | 99 Canal Center Plaza Suite 200 Alexandria, VA 22314 | 7500 Old Georgetown Road Suite 1400 Bethesda, MD 20814 | 6413 Congress Avenue Suite 260 Boca Raton, FL 33487 | 3 Ingram Boulevard LaVergne,  TN 37086 | 620 S. Third Street Ste 500 Louisville,  KY 40202 | 630 Central Ave New Providence, NJ 07974 | 888 7th Avenue, 17th Floor New York, NY 10019 | 1501 1st Ave S, Suite 400 Seattle, WA 98134 | 584 Gangnam-daego, Gangnam-guSeoul, 06043 | 1 East Chang An Avenue,Dong Cheng District, Beijing, P. R. China 10073 | 1 703 212 8520 Bethesda, MD 7500 Old Georgetown Road Suite 1400 Bethesda, MD 20814 | 1 800 521 0600 Boca Raton, FL 6413 Congress Avenue Suite 260 Boca Raton, FL 33487 | 1 502 583 4111 New Providence, NJ 630 Central Ave New Providence, NJ 07974 | 1 908 795 3500 New York, NY 888 7th Avenue, 17th Floor New York, NY 10019 | 1 801 765 1737 Seattle, WA 1501 1st Ave S, Suite 400 Seattle, WA 98134 | 789 E. Eisenhower ParkwayAnn Arbor, MI, 48108Tel: +1 800 521 0600, +1 734 761 4700 | 1 703 212 8520 | 1 800 521 0600 | 1 615 793 | 1 502 583 4111 | 1 908 795 3500 | 1 212 331 7700  | 5252 North Edgewood Drive Ste 125 Provo UT 84604 | 1 801 765 1737 | 1 206 336 7510 | 699 James L. Hart Parkway Ypsilanti, MI    48197 | 1 734 879 5300 Fax: +1 734 879 5301 | 584 Gangnam-daego, Gangnam-guSeoul, 06043 K | 45 342 4780Fax: +81(0)45 342 4784 | 1 East Chang An Avenue,Dong Cheng District, Beijing, P. R. China 100738Tel: +86 10-5977 6010Fax: +86 10-8460 8669 | 9 Jalan 16/1146350 Petaling JayaSelangor D EM | 7954 2880Fax : +60-3-7958 3446 | 607 St Kilda RoadMelbourne, Australia 3004 | 61 3 8517 8333Fax: +61 3 8517 8399 | 91 124 4100615 | 852 2836 5636Fax: +852 2834 7133 | 44 (0) 1223 215 512Fax: +44 (0) 1223 215 513 | 49 40 89 809 0Fax: +49 40 89 809 250 | 3 Dorset RiseLondonEC4Y 8EN | 44 (0)207 832 1700Fax: +44 (0)207 832 1710 | 34 91 575 5597Fax: +34 91 575 5585 | 00 31 (0)206353190Fax: 00 31 (0)206337765 | 44 (0) 1425 471160 | 971 4 4331810Fax: +971 4 369 7646"
"Quark Software, Inc.","405 Lexington Ave, 9th Floor, Quark, New York, NY   10174 | 1600 East Beltline Ave. NESuite 210, Grand Rapids,MI 49525 | 33 Custom House Plaza, Harbour Master Place, I.F.S.C., Dublin 1, D01 VY76 | 353 1 859 7660"
Realview,"Level 35, Tower One, International Towers100 Barangaroo AvenueSydney, NSW 2000 Australia | 61 2 9299 1788F: +61 2 9299 0468 | 100 Barangaroo AvenueSydney, NSW 2000 A | 64 09 302 9100 M: +64 021 630 954 W: www.realviewdigital.co.nz,www.soarprint.co.nz100 New North Road Eden Terrace, Aucklandstuarts@soarprint.co.nz      Indonesia2 CreativesT:  +62 21-3155-971 W: http://2creativesmedia.comTasikmalaya 9, Menteng Jakartainfo@2creativesmedia.com       MalaysiaSerioustecW: http://www.serioustec.com/Lot A-G-16, Level G, SME T | 61 2 9299 1788"
"Reprints Desk, Inc.","6350 Ventura Blvd., Suite D#811, Encino, CA 91436 | 6350 Ventura Blvd., Suite D#811, Encino, CA 91316 | 6350 Ventura Blvd., Suite D #811, Encino, CA 91436 | 16350 Ventura Blvd., Suite D#811, Encino, CA 91436  | 16350 Ventura Blvd., Suite D#811, Encino, CA 91316  | 16350 Ventura Blvd., Suite D #811, Encino, CA 91436  | 6350 Ventura Blvd., Suite D#811, Encino, CA 91436 - USA+1 310 477 0354Fax: +1 323 375 1576R | 24 50937 K ln - Germany +49 221 169 125 83Fax: +49 221 169 14 28R | 2008 +91 124 476 2350 | 972 4 6013103Fax: +972 72 22766469 | 81 3 3505 6161 | 82 2 2694 1920 | 6350 Ventura Blvd., Suite D#811, Encino, CA 91316 - USA+1 310 477 0354Fax: +1 323 375 1576R | 1 617 763-2312E | 310 477 0354E | 6350 Ventura Blvd., Suite D #811, Encino, CA 91436 - USAPhone: +1 (310) 477-0354 - Fax: +1 (323) 375-1576  | 82 2 2694 1920info@enlibmi.co.kr     Rest of World Research Solutions, Inc.16350 Ventura Blvd., Suite D#811, Encino, CA 91316  | 310 477 0354Email Sharon                                  Headquarters 16350 Ventura Blvd., Suite D #811, Encino, CA 91436 "
"Salesforce.com, Inc.","415 Mission Street, 3rd Floor San Francisco, CA 94105 | 350 & 320 Alpharetta, GA 30009 | 500 Boylston Street 19th Floor Boston, MA 02116 | 111 West Illinois Street Chicago, IL 60654 | 400 Room 4088, 4089, 4090, 4091 and 4092 Fort Washington, PA 19034 | 2035 NE Cornelius Pass Road Hillsboro, OR 97124 | 111 Monument Circle Indianapolis, IN 46204 | 7700 Windrose Avenue Plano, TX 75024 | 1442 2nd Street Santa Monica, CA 90401 | 0800 1822338, AT 0800 292027, CH 00800 | 950 East Paces Ferry Road NE Suite 3300 Atlanta, GA 30326 | 8000 Avalon Boulevard Suite 350 & 320 Alpharetta, GA 30009 | 929 108th Ave NE St 1800 Bellevue, WA 98004 | 8310 South Valley Highway Suite 300 Englewood, CO 80112 | 500 Office Center Drive Suite 400 Room 4088, 4089, 4090, 4091 and 4092 Fort Washington, PA 19034 | 2550 Wasser Terrace Suite 100 Herndon, VA 20171 | 300 Spectrum Center Drive Suite 1200 Irvine, CA 92618 | 361 Centennial Parkway Suite 270/280 Louisville, CO 80027 | 55 Shuman Boulevard Suite 1025 Naperville, IL 60563 | 1095 Avenue of the Americas 17th Floor New York, NY 10036 | 224 South 200 West Suite 400 Salt Lake City, UT 84101 | 2825 East Mirabeau Parkway Suite 101 Spokane, WA 99216 | 0636 M nchen Main: DE 0800 1822338, AT 0800 292027, CH 00800 | 292027, CH 00800  | 000 800 001 6000 | 65 6302 5700 | 65 6302 5777 | 612 9394 7300 | 612 9394 7399 | 1 300 MULESOFT | 61 3 9010 2100 | 61 3 9010 2009 | 64 800 450 064 | 91 8068363700 E | 91 8068363700 | 91 40 67307300 | 400 Room 4088, 4089, 4090, 4091 and 4092 | 224 South 200 W | 0800 891 1887 | 1 866 450 8123 | 0800 7253 3333 | 45 7734 2600 | 358 9 2510 8670 | 33 (0)1 72 10 94 01 | 49 (0)800 1822338 | 0800 1822338, AT 0800 | 353 14403501 | 353 14403500 | 31 (0)30-7671000 | 0800 0200431 | 0800 725 33333 | 34 800 300 229 | 46 (0)8 505 731 00 | 41 44 520 62 62 | 41 21 695 37 00 | 203 1477600 | 203 1477601 | 44 1784 607000 | 44 1784 607001 | 333 Seymour Street 7th Floor Vancouver, BC V6B 5A7 | 0636 M nchen Main: DE 0800 1822338, AT 0800 292027, CH 00800 7 | 26 Salesforce Tower 110 Bishopsgate London, UK EC2N 4A | CALL US   000"
SAP,"3999 West  Chester Pike     Newtown  Square, PA 19073"
"SAS Institute, Inc.","19 Data Discovery EnvironmentEvent Stream ProcessingSAS Developer Experience (With Open Source)SAS Machine Learning on SAS Analytics CloudSAS Visual AnalyticsSAS Visual Data Mining & Machine LearningSAS Visual StatisticsAll TrialsBuyRequest a DemoRequest Software PricingContact a SAS Sales RepresentativePartner MarketplaceWhy SASAnalyst ViewpointsCompany AwardsCompany LeadershipCustomer Success StoriesThought LeadershipInnovative R&D DesignNews Coverage & HighlightsPartner EcosystemWorld-Class Support ServicesLearningTraininge-LearningCorporate TrainingSAS Academy for Data ScienceAll TrainingMy TrainingCoursesProgramming 1Programming 2SAS Enterprise Guide 1SAS Programming for R Users  SAS Viya EnablementAll CoursesLearning Formatse-LearningLive WebClassroom LocationsVideo TutorialsAll Learning FormatsWebinarsCertificationBase ProgrammerAdvanced ProgrammerData ScientistStatistical Business AnalystPredictive ModelerAll CertificationExam PreparationCertification ManagerBooksFor BeginnersCertificationDiscountsUpcoming TitlesAll BooksAll LearningDocumentationBy ProductBase SASSAS Enterprise GuideSAS Enterprise MinerSAS/STATSAS StudioSAS Visual AnalyticsAll ProductsSoftware Updates & Product ChangesProgrammingSAS 9.4 & SAS ViyaSAS 9.3 & EarlierAdministrationSAS ViyaSAS 9.4 & Earlier Installation & ConfigurationInstall CenterSystem RequirementsThird-Party Software ReferenceTechnical PapersAll DocumentationSupportSupport HomeKnowledge BaseInstallation NotesProblem NotesUsage NotesSearch All NotesDATA Step SamplesGraphics SamplesSearch All SamplesProduct SecurityAll Knowledge BaseSupport by ProductBase SASSAS Customer Intelligence 360SAS Enterprise GuideSAS Enterprise MinerSASPySAS/STATSAS StudioSAS Visual AnalyticsAll ProductsFocus AreasProduct SecuritySupport by RoleAdministratorsDevelopersProgrammersStudentsNew to SASSupport ServicesTechnical SupportManage Your TracksMaintenanceLicensing AssistanceSupport ServicesSupport PoliciesConsultingAll ServicesDownloadsSAS Download ManagerSAS Universal ViewerStandard Deployment PlansAll DownloadsHot FixesSAS ViyaSAS 9.4Hot Fix AnnouncementsHot Fix ToolAll Hot FixesSAS Starter KitSign InCommunityNew SAS UsersSAS ProgrammingAdministration & DeploymentData ManagementMachine LearningData VisualizationStatistical ProceduresDevelopersAll CommunitiesUser GroupsAcademicsIndia Academic ProgramEducatorsStudentsFree Academic SoftwarePartnersAbout Our Partner ProgramFind a PartnerSign in to PartnerNetPartner MarketplaceEventsSAS G | 91 22 62501600 / 6749 2200 | 91 22 62501799 | 91 22 62501799  | 91 11 4937 5000 | 91 11 4943 5099 | 91 80 45656500 | 91 80 45656599 | 91 20 4911 8888 | 3rd Floor, 4th North  Avenue & 5th North Avenue,  Bandra (East), Mumbai - 400051  Maharashtra"
Sitecore Corp. AS,"1 855-SITECORE  | 1 Pope John Paul II S | 101 California Street                 Floor 16     San Francisco, CA                94111 | 200 South Tyron Street                Suite 850    Charlotte, NC                28202 | 7950 Legacy Drive                Suite #400    Plano, TX                75024 | 4250 Veterans Memorial Hwy                  Holbrook, NY                11741 | 1012 W 8th Avenue                Suite C    King Of Prussia, PA                19406 | 1750 Elm St.                11th Floor    Manchester, NH                03104 | 72 Rue Laval Street                1st Floor    Gatineau, QC                J8X 3H3"
"Siteworx, LLC",0329                            
"Sizmek, Inc.","70 countries, with local offices in many countries providing award-winning service throughout the Americas, EMEA, and APAC.Office locationsAMERICASEMEAAPACGLOBAL RESELLER PARTNERSAMERICAS Atlanta, USA3333 Piedmont Road NE 4th Floor Atlanta, GA 30305 Austin, USA2500 Bee Caves Road Building 1, Suite 150 Austin, TX 78746 Chicago, USA227 West Monroe Street Suite 1400 Chicago, Illinois 60606 King of Prussia, USA2200 Renaissance Blvd. Suite 410 King of Prussia, PA 19406 Mexico City, MexicoJuan Salvador Agraz No.73 Piso 7 Colonia Santa Fe Cuajimalpa Delegaci n Cuajimalpa de Morelos Ciudad de M xico Distrito Federal C.P. 05348 New York, USA450 W 33rd Steet, 6th Floor New York, NY 10001 Santa Monica, USA1620 26th Street Suite 4000N Santa Monica, CA 90404EMEA Belgrade, Serbia12 Djordja Stanojevica 11070 Edinburgh, ScotlandWaverley Gate 2-4 Waterloo Place Edinburgh, EH1 3EG Hamburg, GermanyAxel-Springer-Platz 3 20355 Hamburg, Germany Herzliya, Israel7 Ha Mada, St. 5th and 6th Floor 46733 Krak w, PolandBudynek Fronton Ul Kamienna 21 31-403 Krakow Poland London, UK1 Principal Place Worship Street EC2A 2FA London Madrid, SpainCalle Ramirez de Prado N 5 28045 Madrid Milan, ItalyViale Monte Grappa 3/5 20124 Milano Paris, France67 Boulevard du G n ral Leclerc 92110 Clichy FranceAPAC Beijing, ChinaBlock A Ocean International Center No. 56 East 4th Ring Road Chaoyang District, Beijing 100025 Cebu, Philippines17th Floor, Skyrise 4B, Cebu IT Park, Apas, Cebu City, Region VII, Cebu 6000, Guangzhou, ChinaUnit A05/30F Agile Center 26 Huaxia Road Zhujiang New Town, Guangzhou 510011 Melbourne, Australia8 Exhibition Street Melbourne Victoria, 3000 Shanghai, ChinaNo.369 Kaixuan Road Longemont Yes Tower Changning District Shanghai 200050 Singapore8 Marina View, Asia Square Tower 1, Level 43, Singapore 01896 | 70 countries, with local offices in many countries providing award-winning service throughout the Americas, EMEA, and APAC.Office locationsAMERICASEMEAAPACGLOBAL RESELLER PARTNERSAMERICAS Atlanta, USA3333 Piedmont Road NE 4th Floor Atlanta, GA 30305 Austin, USA2500 Bee Caves Road Building 1, Suite 150 Austin, TX 78746 Chicago, USA227 West Monroe Street Suite 1400 Chicago, Illinois 60606 King of Prussia, USA2200 Renaissance Blvd. Suite 410 King of Prussia, PA 19406 Mexico City, MexicoJuan Salvador Agraz No.73 Piso 7 Colonia Santa Fe Cuajimalpa Delegaci n Cuajimalpa de Morelos Ciudad de M xico Distrito Federal C.P. 05348 New York, USA450 W 33rd Steet, 6th Floor New York, NY 10001 Santa Monica, USA1620 26th Street Suite 4000N Santa Monica, CA 90404 | 3333 Piedmont Road NE 4th Floor Atlanta, GA 30305 Austin, USA2500 Bee Caves Road Building 1, Suite 150 Austin, TX 78746 Chicago, USA227 West Monroe Street Suite 1400 Chicago, Illinois 60606 King of Prussia, USA2200 Renaissance Blvd. Suite 410 King of Prussia, PA 19406 Mexico City, MexicoJuan Salvador Agraz No.73 Piso 7 Colonia Santa Fe Cuajimalpa Delegaci n Cuajimalpa de Morelos Ciudad de M xico Distrito Federal C.P. 05348 New York, USA450 W 33rd Steet, 6th Floor New York, NY 10001  | 70 countries, with local offices in many countries providing award-winning service throughout the Americas, EMEA, and APAC.Office locationsAMERICASEMEAAPACGLOBAL RESELLER PARTNERSAMERICAS Atlanta, USA3333 Piedmont Road NE 4th Floor Atlanta, GA 30305 Austin, USA2500 Bee Caves Road Building 1, Suite 150 Austin, TX 78746 Chicago, USA227 West Monroe Street Suite 1400 Chicago, Illinois 60606 King of Prussia, USA2200 Renaissance Blvd. Suite 410 King of Prussia, PA 19406 Mexico City, MexicoJuan Salvador Agraz No.73 Piso 7 Colonia Santa Fe Cuajimalpa Delegaci n Cuajimalpa de Morelos Ciudad de M xico Distrito Federal C.P. 05348 New York, USA450 W 33rd Steet, 6th Floor New York, NY 10001 Santa Monica, USA1620 26th Street Suite 4000N Santa Monica, CA 90404EMEA Belgrade, Serbia12 Djordja Stanojevica 11070 Edinburgh, ScotlandWaverley Gate 2-4 Waterloo Place Edinburgh, EH1 3EG Hamburg, GermanyAxel-Springer-Platz 3 20355 Hamburg, Germany Herzliya, Israel7 Ha Mada, St. 5th and 6th Floor 46733 Krak w, PolandBudynek Fronton Ul Kamienna 21 31-403 Krakow Poland London, UK1 Principal Place Worship Street EC2A 2FA London Madrid, SpainCalle Ramirez de Prado N 5 28045 Madrid Milan, ItalyViale Monte Grappa 3/5 20124 Milano Paris, France67 Boulevard du G n ral Leclerc 92110 Clichy FranceAPAC Beijing, ChinaBlock A Ocean International Center No. 56 East 4th Ring Road Chaoyang District, Beijing 100025 Cebu, Philippines17th Floor, Skyrise 4B, Cebu IT Park, Apas, Cebu City, Region VII, Cebu 6000, Guangzhou, ChinaUnit A05/30F Agile Center 26 Huaxia Road Zhujiang New Town, Guangzhou 510011 Melbourne, Australia8 Exhibition Street Melbourne Victoria, 3000 Shanghai, ChinaNo.369 Kaixuan Road Longemont Yes Tower Changning District Shanghai 200050 Singapore8 Marina View, Asia Square Tower 1, Level 43, Singapore 018960 Sydney, AustraliaLevel 5 Suite 5.02 1 Oxford Street Darlinghurst NSW 2010 Tokyo, JapanArco Tower Annex, 1-8-1 Shimomeguro, Meguro-ku, Tokyo 153-006GLOBAL RESELLER PARTNERS Amsterdam, NetherlandsTech 53 BV Athens, GreeceTailwind EMEA Ltd Bogota, ColombiaDigimark & Asociados SAS Buenos Aires, ArgentinaAdsmovil Corporation Cape Town, South AfricaBox Digital Copenhagen, DenmarkTailwind EMEA Ltd Dubai, United Arab EmiratesTailwind EMEA Ltd Herzliya, IsraelTech 53 BV Ho Chi Minh City, VietnamADV (SEA) Pte. Ltd Hyderabad, IndiaEscape Velocity Digital Private Limited Istanbul, TurkeyFEM REKLAMCILIK A.S. Jakarta, IndonesiaADV (SEA) Pte. Ltd Kowloon, Hong KongRadar360 Hong Kong Ltd Lahore, PakistanRich Media Inc Lisbon, PortugalPromasterad Portugal Moscow, RussiaAdServing Company Mumbai, IndiaEscape Velocity Digital Private Limited New Delhi, IndiaEscape Velocity Digital Private Limited Petaling Jaya, MalaysiaADV (SEA) Pte. Ltd Saint Petersburg, RussiaAdServing Company Sao Paulo, BrazilAdsmovil Corporation Singapore, SingaporeADV (SEA) Pte. Ltd Taipei City, TaiwanRadar360 Hong Kong Ltd Warsaw, PolandAdsonice Poland Sp. z o.o.WHY SIZMEKAboutLeadershipSOLUTIONSProductsSHOWCASEShowcaseAd FormatsAd FeaturesCAREERSOverviewSIGN UP FOR OUR NEWSLETTERSIGN UPP"
"Skyword, Inc.","38 Chauncy StreetFloor 14Boston, MA 02111 Washington, DC1101 K Street NWSuite 930Washington, DC 20005 Pittsburgh, PAOne PPG PlaceFloor 19Pittsburgh, PA 15222 | 02111 Washington, DC1101 K Street NWSuite 930Washington, DC 20005 Pittsburgh, PAOne PPG PlaceFloor 19Pittsburgh, PA 15222  | 38 Chauncy StreetFloor 14Boston, MA 02111 Washington, DC1101 K Street NWSuite 930Washington, DC 20005 Pittsburgh, PAOne PPG PlaceFloor 19Pittsburgh, PA 15222 SoftwareContent MarketingSocial AnalyticsSocial MarketingTalent NetworkPartners & IntegrationsServicesContent StrategyEditorial & CreativeData & InsightsTraining & SupportCompanyAbout UsCareersPressLearn MoreCreative PortfolioCustomer StoriesContent StandardResourcesGet in TouchContact UsRequest a DemoFreelance for Us  2020 Skyword, Inc.Privacy PolicyTerms and ConditionsContributor Agreement         T"
"Smartling, Inc.","1 podcast for all things localization and translation.EventsMeet us in person at events all over the globe.MoreAbout UsCareersHelp CenterPartnersMTWWWLoginLoginContact UsWe d Love to Hear from You!New York (HQ)Email:hi@Smartling.comAddress:1375 Broadway 14th FloorNew York, NY 10018Phone Number:1 (866) 707-6278LondonEmail:hi@Smartling.comAddress:84 Eccleston SquareLondon SW1V 1PX, UKPhone Number:+44 20394 | 1 podcast for all things localization and translation.EventsMeet us in person at events all over the globe.MoreAbout UsCareersHelp CenterPartnersMTWWWLoginLoginContact UsWe d Love to Hear from You!New York (HQ)Email:hi@Smartling.comAddress:1375 Broadway 14th FloorNew York, NY 10018 | 1 podcast for all things localization and translation.EventsMeet us in person at events all over the globe.MoreAbout UsCareersHelp CenterPartnersMTWWWLoginLoginContact UsWe d Love to Hear from You!New York (HQ)Email:hi@Smartling.comAddress:1375 Broadway 14th FloorNew York, NY 10018Phone Number:1 (866) 707-6278LondonEmail:hi@Smartling.comAddress:84 Eccleston SquareLondon SW1V 1PX, UKPhone Number:+44 2039481376DublinEmail:hi@Smartling.comAddress:Smartling Ireland LimitedUnit 4B Fourth Floor7-9 Dame CourtExchequer StreetD02 NH31, IrelandJoin usVisit our Learning CenterBook a demoVisit our Help CenterThe leading translation management platform to localize your content across devices and platforms.SupportContact UsStatusHelp CenterCompanyAbout UsCareersLearning CenterPartnersPersonal Data & Security FrameworkSecurityBecome a TranslatorStatement on COVID-19 PreparednessDocumentsSample Translation RFPManifestoExcellence at Every TouchpointLegalPrivacyLegalPersonal Data & Security  Copyright 2020. SMARTLING"
"Splunk, Inc.","270 Brannan Street San Francisco, CA 94107 | 500 Santana Row San Jose, CA 95128 | 5360 Legacy Place, Ste 250 Plano, TX 75024 | 1730 Minor Avenue, Suite 900 Seattle, WA 98101 | 7900 Tysons One Place, Suite 1100 McLean, VA 22102 | 1 866.GET.SPLUNK (1 866 | 65 69322677 | 7900 Tysons One Place, Suite 1100 | 1 866.438.7758 | +1 415 | 44 (0)203 204 4300 | 44 (0)2032044300 | 971 4248 6200 | 31 20 7991773 | 112 28002 M | 44 1962 392 966 | 0808 101 3751 | 972 3.9150781 | 65 3159 0906 | 61 3 9034 5158 | 1 902 722 3504 | 19 RESPONSE "
Spotify AB,"150 Greenwich Street, 62nd Floor         New York, NY 10007 | 4 World Trade Center         150 Greenwich Street, 62nd Floor         New York, NY 10007 | 54 Rue de Londres, 75008 | 0800 919 0790"
"Syncfusion, Inc.","2501 Aerial Center Parkway                              Suite 200                              Morrisville, NC 27560 | 91 44 26210413 | 2001 - 2020 S | 44 20 7084 6215 | 2020 04:08:03 PM"
SYSOMOS,"900 Ridgefield Dr. Suite 285 Raleigh, NC 27609 | 225 Bush Street Suite 1000 San Francisco, CA 94104 | 5201 Great America Pkwy Suite 320 Santa Clara, CA 95054 | 1375 Broadway 24th Floor New York City, NY 10018 | 25 York Street, Suite 1200 | 44 (0)20 7220 4500"
TapClicks,"3031 Tisch WaySuite #900San Jose, CA 95128 | 701 Edgewater DriveSuite #330Wakefield, MA 01880 | 3031 Tisch WaySuite #900San Jose, CA 95128T | 160 City RoadLondon, EC1V 2NXT | 701 Edgewater DriveSuite #330Wakefield, MA 01880T | 160 City RoadLondon, EC1V 2NXTel: +44 (0) 203-743-1372           East Coast Office     701 Edgewater DriveSuite #330Wakefield, MA 01880T"
Uberflip,"370 Dufferin St, Toronto, ON M6K 1Z8 Canada"
Viglink,"5541 Central Avenue Boulder, CO 80301 | 1 303 493 5490 | 44 20 3873 8554"
Webtrends,"317 SW Alder, Suite 850 Portland, OR 97204 Mailing Address PO Box 8129 Portland, OR 97207 | 97204 Mailing Address PO Box 8129 Portland, OR 97207  | 10 Dashboards   WebtrendsAnalytics 10 Spaces   WebtrendsAnalytics 10 ReportsAboutAbout WebtrendsPartnersContact UsLegalTerms of Subscription ServiceProfessional Services Terms and ConditionsSecurity StatementPrivacy StatementGDPR FAQCCPA FAQEnd User License AgreementCookie PolicyWebsite Terms of UseCOVID-19Contact UsLoginAnalytics 10Analytics 9Schedule Demo    Search for:       | 317 SW Alder, Suite 850 Portland, OR 97204 Mailing Address PO Box 8129 Portland, OR 97207 503-294-7025 S"
welocalize,"241 East 4th St. Suite 207 Frederick, Maryland 21701 USA o. +1 301 668 0330 f. +1 301 668 0335info@welocalize.com Welocalize Worldwide Office LocationsTHANK YOU!Your message has been sent. Someone will get back to you shortly. Follow us on Social Media: How Can We Help?Start a ProjectRegister for an EventFind Open Job PositionsBecome a Translation Provider About WelocalizeServices + SolutionsWelocalize CompaniesWorldwide Locations Headquarters Welocalize, Inc. 241 East 4th St. Suite 207 Frederick, Maryland 21701 | 241 East 4th St. Suite 207 Frederick, Maryland 21701 USA o. +1 301 668 0330 f. +1 301 668 0335info@welocalize.com Welocalize Worldwide Office LocationsTHANK YOU!Your message has been sent. Someone will get back to you shortly. Follow us on Social Media: How Can We Help?Start a ProjectRegister for an EventFind Open Job PositionsBecome a Translation Provider About WelocalizeServices + SolutionsWelocalize CompaniesWorldwide Locations Headquarters Welocalize, Inc. 241 East 4th St. Suite 207 Frederick, Maryland 21701o. +1 301.668.0330 f.  +1 301.668.0335 info@welocalize.com Connect with UsContact UsCopyright   Welocalize 2020"
Wochit,"12 E. 33rd St. New York, NY 10016 | 972 3 6203699 | 1 212 979 8343"
Zoomin,"150 West 28th St 17th floor New York, NY 10001 | 15 years of R&D experience, specializing in scaling engineering organizations and building technological and managerial processes and infrastructure. Prior to joining Zoomin, he served as VP R&D at Drove where he implemented complex technologies in order to create a full-stack martech solution. He also held leadership positions in Mediamind which went to an IPO  | 12 years' experience in B2B tech marketing to enterprises   specializing in acquisition, marketing technology, BI and operations. Ilya was previously the Head of Acquisition at WalkMe, where he built the marketing team and led customer acquisition efforts, growing the company's ARR from 0 to $100 million. He holds a BA in Economics and completed the international MBA "
ZUMOBI,"1525 4th Avenue             Suite 800             Seattle, WA 98101 | 21 West 46th Street             Suite 1105             New York, NY 10036"
